epoch,time,train/box_loss,train/pose_loss,train/kobj_loss,train/cls_loss,train/dfl_loss,metrics/precision(B),metrics/recall(B),metrics/mAP50(B),metrics/mAP50-95(B),metrics/precision(P),metrics/recall(P),metrics/mAP50(P),metrics/mAP50-95(P),val/box_loss,val/pose_loss,val/kobj_loss,val/cls_loss,val/dfl_loss,lr/pg0,lr/pg1,lr/pg2
1,32.9347,2.55291,10.0297,0.70612,2.78805,2.33422,0.30142,0.55263,0.27988,0.06703,0,0,0,0,2.79793,10.3017,0.67939,3.93508,4.84057,0.00064,0.00064,0.00064
2,36.6392,1.44437,8.179,0.73384,0.9739,1.47403,0.25748,0.45635,0.21914,0.04294,0,0,0,0,3.13358,9.75113,0.6848,5.20316,4.56442,0.00129804,0.00129804,0.00129804
3,39.5341,1.35422,7.49892,0.73854,0.88351,1.4,0.66851,0.65789,0.53693,0.15496,0,0,0,0,2.6912,8.52977,0.76884,3.27145,4.08359,0.00194729,0.00194729,0.00194729
4,42.4831,1.26131,7.10696,0.72027,0.83553,1.35201,0.44931,0.60526,0.35258,0.13827,0,0,0,0,2.50603,8.66916,0.71571,3.51848,4.12933,0.0019604,0.0019604,0.0019604
5,45.3302,1.18129,6.38581,0.66821,0.7913,1.30524,0.54486,0.63009,0.40297,0.15881,0,0,0,0,2.45861,8.61607,0.63519,2.4745,4.00593,0.0019472,0.0019472,0.0019472
6,48.2966,1.1321,5.77606,0.61699,0.72498,1.27277,0.56861,0.57895,0.41146,0.11805,0.08367,0.05263,0.0055,0.00055,3.08085,7.8529,0.54763,2.1358,4.95701,0.001934,0.001934,0.001934
7,51.2348,1.11571,5.498,0.58395,0.6897,1.21283,0.65361,0.65789,0.49574,0.18958,0,0,0,0,2.4259,8.03068,0.56223,2.46035,3.33334,0.0019208,0.0019208,0.0019208
8,54.093,1.13042,5.28473,0.54168,0.65673,1.20421,0.65343,0.65789,0.46521,0.15758,0,0,0,0,2.69132,7.9925,0.52001,1.95187,3.31313,0.0019076,0.0019076,0.0019076
9,56.9164,1.0439,5.05722,0.53176,0.64041,1.16901,0.55088,0.55263,0.3804,0.18204,0,0,0,0,2.50488,8.05151,0.46565,2.60461,3.18947,0.0018944,0.0018944,0.0018944
10,59.7979,1.02667,4.85081,0.5222,0.60567,1.1602,0.57539,0.55263,0.45654,0.2081,0,0,0,0,2.44885,7.36095,0.45528,1.52488,3.24225,0.0018812,0.0018812,0.0018812
11,62.726,0.9327,4.41507,0.49133,0.55755,1.12807,0.63006,0.63158,0.47167,0.18267,0.18379,0.18421,0.04863,0.00709,2.60744,6.96108,0.51461,1.52571,3.54811,0.001868,0.001868,0.001868
12,65.5842,0.96156,4.06892,0.49876,0.56128,1.15844,0.63102,0.63158,0.46262,0.19423,0.28916,0.28947,0.11042,0.01292,2.47549,7.09116,0.55303,1.6386,3.57076,0.0018548,0.0018548,0.0018548
13,68.503,0.92284,3.87906,0.49607,0.54278,1.1086,0.60459,0.60526,0.42724,0.19669,0.41996,0.42105,0.22093,0.02535,2.54341,6.66202,0.47933,1.66069,3.72499,0.0018416,0.0018416,0.0018416
14,71.5432,0.91439,3.74352,0.45937,0.52691,1.09118,0.65503,0.65789,0.58646,0.22668,0.62883,0.63158,0.53421,0.11816,2.414,6.37702,0.45069,1.47131,3.29773,0.0018284,0.0018284,0.0018284
15,74.4891,0.88935,3.51285,0.4628,0.5421,1.1002,0.60466,0.60526,0.43964,0.16481,0.44674,0.44737,0.21921,0.03577,2.48366,6.42786,0.45317,1.49166,3.57691,0.0018152,0.0018152,0.0018152
16,77.327,0.88516,3.33832,0.44489,0.5464,1.10444,0.60213,0.60526,0.43003,0.19224,0.54977,0.55263,0.3343,0.05906,2.3898,6.37641,0.4168,1.46869,3.42322,0.001802,0.001802,0.001802
17,80.2193,0.84233,3.30502,0.45447,0.52578,1.08189,0.65453,0.65789,0.46585,0.15787,0.39359,0.39474,0.17015,0.02688,2.54742,6.25461,0.42606,1.63692,3.71397,0.0017888,0.0017888,0.0017888
18,83.0873,0.84925,2.98528,0.43023,0.49902,1.07251,0.60696,0.65789,0.47272,0.18018,0.26215,0.26316,0.11129,0.01341,2.44223,6.01388,0.45846,1.61202,3.46626,0.0017756,0.0017756,0.0017756
19,85.9721,0.83649,2.57571,0.42685,0.4824,1.08679,0.65197,0.65789,0.46901,0.16515,0.67819,0.68421,0.47217,0.09022,2.51461,5.781,0.43426,1.71855,3.17546,0.0017624,0.0017624,0.0017624
20,89.0035,0.89015,2.67858,0.42585,0.50659,1.08204,0.61919,0.63158,0.41596,0.16497,0.1414,0.15789,0.03696,0.00493,2.34272,6.46183,0.40473,1.80791,2.92804,0.0017492,0.0017492,0.0017492
21,92.384,0.77699,2.66613,0.39349,0.47706,1.04056,0.65616,0.65789,0.48259,0.15297,0.62991,0.63158,0.40105,0.07731,2.51725,5.86211,0.38316,1.37197,2.80623,0.001736,0.001736,0.001736
22,95.3044,0.87515,2.64358,0.39668,0.50934,1.07528,0.65664,0.65789,0.47334,0.14737,0.52529,0.52632,0.30673,0.05704,2.67687,5.97435,0.41176,1.28516,3.14177,0.0017228,0.0017228,0.0017228
23,98.1944,0.81755,2.47034,0.391,0.49622,1.03931,0.60405,0.60526,0.4095,0.1593,0.63031,0.63158,0.46753,0.11226,2.53988,5.79264,0.38865,1.31289,3.26994,0.0017096,0.0017096,0.0017096
24,101.132,0.85564,2.52369,0.39473,0.50138,1.05167,0.65699,0.65789,0.45934,0.14989,0.68327,0.68421,0.51454,0.10161,2.57883,5.96341,0.38927,1.47064,3.40951,0.0016964,0.0016964,0.0016964
25,104.193,0.82461,2.17107,0.3673,0.47478,1.03421,0.65615,0.65789,0.52431,0.18171,0.60366,0.60526,0.40305,0.0893,2.49073,5.85546,0.47771,1.67617,3.09382,0.0016832,0.0016832,0.0016832
26,107.141,0.80935,2.00881,0.35586,0.47338,1.05531,0.65591,0.65789,0.5419,0.20001,0.65591,0.65789,0.49012,0.12298,2.11967,6.00468,0.32511,2.03308,2.72204,0.00167,0.00167,0.00167
27,110.089,0.80608,2.0086,0.38154,0.47353,1.04058,0.65518,0.65789,0.51377,0.17216,0.65518,0.65789,0.51377,0.11624,2.48815,5.73012,0.3087,1.57509,3.20266,0.0016568,0.0016568,0.0016568
28,113.048,0.74045,1.7972,0.3597,0.45108,1.03696,0.62983,0.63158,0.51759,0.20707,0.65607,0.65789,0.5445,0.14792,2.35882,5.4632,0.29641,1.33642,3.07402,0.0016436,0.0016436,0.0016436
29,116.011,0.69755,1.87281,0.35097,0.41609,1.02009,0.6335,0.63158,0.57584,0.21231,0.76049,0.76316,0.717,0.18924,2.37289,5.32226,0.43863,1.44491,3.20252,0.0016304,0.0016304,0.0016304
30,119.027,0.73256,1.77412,0.34732,0.43343,1.01537,0.63155,0.63158,0.52182,0.21754,0.70928,0.71053,0.59114,0.16682,2.28681,5.24589,0.41431,1.54688,2.94918,0.0016172,0.0016172,0.0016172
31,122.007,0.74424,1.7246,0.33884,0.44739,1.02712,0.62469,0.60526,0.4439,0.17477,0.75988,0.73684,0.6872,0.21202,2.39497,4.96318,0.34438,1.5535,3.01877,0.001604,0.001604,0.001604
32,124.96,0.76328,1.84062,0.34014,0.44524,1.01917,0.63148,0.63158,0.53197,0.20281,0.73651,0.73684,0.6385,0.21725,2.43483,5.39623,0.37254,1.53358,3.01451,0.0015908,0.0015908,0.0015908
33,127.924,0.7337,1.66279,0.33308,0.44724,1.00554,0.60437,0.60526,0.54749,0.23524,0.76079,0.76316,0.71043,0.29515,2.33513,4.73979,0.29157,1.46655,2.95481,0.0015776,0.0015776,0.0015776
34,131.012,0.73721,1.49023,0.33668,0.42611,1.01144,0.60368,0.60526,0.53116,0.2056,0.73492,0.73684,0.65945,0.25228,2.4034,4.77735,0.28294,1.6105,3.27119,0.0015644,0.0015644,0.0015644
35,134.128,0.72182,1.44152,0.30044,0.40899,1.0153,0.60467,0.60526,0.52695,0.16354,0.60421,0.60526,0.43594,0.09613,2.54908,4.99868,0.28212,1.65988,3.84784,0.0015512,0.0015512,0.0015512
36,137.166,0.70796,1.47763,0.31308,0.42653,1.02313,0.65636,0.65789,0.54203,0.17992,0.60385,0.60526,0.41405,0.08132,2.43779,4.86341,0.38736,1.36184,3.50939,0.001538,0.001538,0.001538
37,140.284,0.72366,1.45111,0.30453,0.43281,1.02485,0.57711,0.57895,0.36973,0.17168,0.76074,0.76316,0.63217,0.22733,2.36853,4.59249,0.2822,1.515,3.33226,0.0015248,0.0015248,0.0015248
38,143.234,0.68764,1.40812,0.31213,0.40273,0.97402,0.63003,0.63158,0.45974,0.1452,0.76129,0.76316,0.6086,0.22938,2.54095,4.62476,0.25262,1.59777,3.56862,0.0015116,0.0015116,0.0015116
39,146.16,0.65739,1.18798,0.31296,0.39972,0.9917,0.6307,0.63158,0.42962,0.14911,0.76176,0.76316,0.60514,0.21978,2.44843,4.58308,0.31528,1.2926,3.27284,0.0014984,0.0014984,0.0014984
40,149.272,0.67922,1.28303,0.32176,0.41098,0.99841,0.63048,0.63158,0.42199,0.14272,0.76183,0.76316,0.62389,0.23685,2.51162,4.55504,0.27554,1.34527,3.29361,0.0014852,0.0014852,0.0014852
41,152.295,0.6503,1.20289,0.31157,0.40449,0.9831,0.65681,0.65789,0.46857,0.16719,0.76192,0.76316,0.64218,0.23895,2.37995,4.5993,0.2707,1.3384,3.08783,0.001472,0.001472,0.001472
42,155.253,0.62618,1.23525,0.28456,0.38064,0.98046,0.63158,0.63158,0.50671,0.20028,0.76316,0.76316,0.66544,0.30212,2.40391,4.52757,0.25264,1.33992,3.29929,0.0014588,0.0014588,0.0014588
43,158.231,0.67051,1.14502,0.2867,0.41427,0.99451,0.65744,0.65789,0.49681,0.16514,0.76253,0.76316,0.65605,0.21674,2.62313,4.76462,0.27636,1.38183,3.4657,0.0014456,0.0014456,0.0014456
44,161.204,0.62424,1.11233,0.28454,0.38111,0.95172,0.63073,0.63158,0.44909,0.17943,0.73588,0.73684,0.62198,0.23192,2.4064,4.46587,0.21332,1.39862,3.21354,0.0014324,0.0014324,0.0014324
45,164.131,0.64398,1.02703,0.29185,0.3955,0.95744,0.65637,0.65789,0.47818,0.18095,0.76139,0.76316,0.62799,0.25102,2.4184,4.4798,0.22585,1.66141,3.19518,0.0014192,0.0014192,0.0014192
46,167.043,0.66374,1.23666,0.32513,0.4119,0.96779,0.6301,0.63158,0.46196,0.16555,0.76137,0.76316,0.65253,0.28191,2.42007,4.14864,0.22079,1.44138,3.26139,0.001406,0.001406,0.001406
47,170.024,0.61864,0.95468,0.3028,0.37701,0.9594,0.65683,0.65789,0.43596,0.16069,0.78819,0.78947,0.62486,0.26933,2.40131,4.23724,0.23653,1.47607,3.32377,0.0013928,0.0013928,0.0013928
48,172.951,0.62677,0.9017,0.29797,0.3831,0.95357,0.65684,0.65789,0.47167,0.17241,0.78823,0.78947,0.67244,0.36245,2.35537,3.93885,0.22841,1.27697,3.31778,0.0013796,0.0013796,0.0013796
49,175.94,0.62486,0.81776,0.29395,0.39319,0.95987,0.63059,0.63158,0.43375,0.15226,0.84079,0.84211,0.74267,0.39435,2.36425,3.68066,0.21994,1.38492,3.35698,0.0013664,0.0013664,0.0013664
50,178.838,0.64892,0.79145,0.29466,0.39922,0.97289,0.6567,0.65789,0.49904,0.17179,0.84061,0.84211,0.73339,0.42522,2.473,3.46203,0.21174,1.42076,3.41598,0.0013532,0.0013532,0.0013532
51,181.867,0.65031,0.73372,0.2835,0.39182,0.97357,0.68314,0.68421,0.52122,0.18801,0.81449,0.81579,0.72387,0.35215,2.34166,3.49381,0.19975,1.27886,3.26103,0.00134,0.00134,0.00134
52,184.738,0.64611,0.75299,0.2867,0.39187,0.94088,0.68308,0.68421,0.51791,0.19364,0.78817,0.78947,0.65566,0.32936,2.3644,3.4786,0.22078,1.35587,3.36544,0.0013268,0.0013268,0.0013268
53,187.597,0.63826,0.72406,0.30134,0.38996,0.9599,0.63017,0.63158,0.45604,0.17907,0.81397,0.81579,0.73144,0.43673,2.32339,3.44251,0.23992,1.29359,3.39942,0.0013136,0.0013136,0.0013136
54,190.541,0.63448,0.73588,0.29809,0.37229,0.9429,0.5785,0.57895,0.41689,0.18889,0.86682,0.86842,0.78933,0.47214,2.28976,3.26291,0.26564,1.45806,3.12601,0.0013004,0.0013004,0.0013004
55,193.727,0.64679,0.68072,0.27064,0.37778,0.96369,0.60486,0.60526,0.44907,0.17068,0.86703,0.86842,0.75911,0.46999,2.33958,3.24959,0.23411,1.62047,3.11755,0.0012872,0.0012872,0.0012872
56,196.81,0.64558,0.66745,0.26852,0.37749,0.95647,0.63114,0.63158,0.50477,0.17829,0.84101,0.84211,0.74454,0.44311,2.34376,3.26921,0.23654,1.4154,3.30991,0.001274,0.001274,0.001274
57,199.757,0.65138,0.73177,0.30634,0.37715,0.97392,0.65721,0.65789,0.46212,0.15656,0.84113,0.84211,0.73081,0.39761,2.33629,3.70485,0.22993,1.53837,3.14846,0.0012608,0.0012608,0.0012608
58,202.683,0.59454,0.71665,0.29261,0.35666,0.92246,0.68348,0.68421,0.52633,0.18424,0.84079,0.84211,0.73114,0.44082,2.51931,3.45783,0.25336,1.67172,3.13725,0.0012476,0.0012476,0.0012476
59,205.653,0.59551,0.60975,0.27132,0.35996,0.95115,0.65686,0.65789,0.48165,0.1738,0.81451,0.81579,0.71087,0.41874,2.38636,3.60177,0.25027,1.43319,3.14032,0.0012344,0.0012344,0.0012344
60,208.744,0.58607,0.58437,0.27752,0.34975,0.93808,0.65688,0.65789,0.44242,0.15079,0.86708,0.86842,0.75118,0.40608,2.42756,3.5934,0.25194,1.55189,3.20592,0.0012212,0.0012212,0.0012212
61,211.892,0.5823,0.52529,0.2714,0.35828,0.94662,0.63064,0.63158,0.41417,0.1476,0.84085,0.84211,0.74317,0.44008,2.388,3.2759,0.23609,1.56081,3.1224,0.001208,0.001208,0.001208
62,214.838,0.55652,0.67919,0.27809,0.36029,0.94498,0.65689,0.65789,0.47179,0.16961,0.84082,0.84211,0.7603,0.40754,2.34752,3.49434,0.25436,1.6032,3.12438,0.0011948,0.0011948,0.0011948
63,217.794,0.55499,0.64363,0.25568,0.34108,0.92722,0.68317,0.68421,0.48245,0.16715,0.8671,0.86842,0.75118,0.40489,2.35129,3.62904,0.25782,1.69299,3.10587,0.0011816,0.0011816,0.0011816
64,220.813,0.52441,0.52844,0.27756,0.33554,0.92182,0.60461,0.60526,0.40198,0.1518,0.81462,0.81579,0.70312,0.4361,2.30907,3.48317,0.28496,1.59382,3.03958,0.0011684,0.0011684,0.0011684
65,223.768,0.51853,0.5482,0.24899,0.33953,0.92705,0.63092,0.63158,0.48025,0.18645,0.78822,0.78947,0.64973,0.41504,2.42538,3.57746,0.33779,1.67814,3.25975,0.0011552,0.0011552,0.0011552
66,226.698,0.56443,0.62912,0.26794,0.35745,0.9158,0.65719,0.65789,0.47548,0.16815,0.84121,0.84211,0.75636,0.44269,2.33561,3.42082,0.25171,1.77302,3.13683,0.001142,0.001142,0.001142
67,229.716,0.54636,0.55441,0.27079,0.33656,0.93158,0.60432,0.60526,0.38329,0.15906,0.86706,0.86842,0.765,0.42016,2.284,3.84461,0.24613,1.9584,2.99892,0.0011288,0.0011288,0.0011288
68,232.657,0.54429,0.54019,0.24888,0.33613,0.92683,0.65702,0.65789,0.46658,0.16539,0.81446,0.81579,0.69673,0.4137,2.36536,3.9091,0.26057,1.70846,3.22398,0.0011156,0.0011156,0.0011156
69,235.619,0.56436,0.53812,0.26202,0.33799,0.92968,0.68307,0.68421,0.4988,0.1566,0.84073,0.84211,0.72135,0.43121,2.36979,4.01352,0.2623,1.85769,3.04039,0.0011024,0.0011024,0.0011024
70,238.562,0.55378,0.57598,0.25329,0.35416,0.92564,0.65685,0.65789,0.43947,0.14733,0.89331,0.89474,0.80342,0.43776,2.49115,4.17396,0.27239,2.04117,3.13107,0.0010892,0.0010892,0.0010892
71,241.559,0.56357,0.52785,0.26904,0.36064,0.92812,0.68314,0.68421,0.46868,0.13968,0.84079,0.84211,0.71158,0.40489,2.49047,3.90513,0.26984,1.7961,3.25334,0.001076,0.001076,0.001076
72,244.601,0.51666,0.51582,0.23819,0.34411,0.91223,0.63061,0.63158,0.40644,0.14797,0.84081,0.84211,0.72126,0.40509,2.37333,3.61179,0.25637,1.82078,3.33096,0.0010628,0.0010628,0.0010628
73,247.707,0.54102,0.43699,0.24378,0.32879,0.92747,0.63062,0.63158,0.40105,0.15186,0.84083,0.84211,0.71158,0.42331,2.24035,3.65584,0.2624,1.6635,3.26061,0.0010496,0.0010496,0.0010496
74,250.736,0.53084,0.56685,0.26532,0.3317,0.93887,0.65687,0.65789,0.44974,0.16151,0.89334,0.89474,0.81184,0.44476,2.3543,3.60934,0.25125,1.65892,3.25133,0.0010364,0.0010364,0.0010364
75,253.821,0.54575,0.53204,0.25323,0.33388,0.93226,0.68313,0.68421,0.47539,0.15978,0.86705,0.86842,0.75118,0.4247,2.50482,3.60582,0.31403,1.8449,3.40802,0.0010232,0.0010232,0.0010232
76,256.984,0.54636,0.59053,0.26431,0.3326,0.89918,0.65689,0.65789,0.43947,0.15572,0.84082,0.84211,0.7247,0.42598,2.47906,3.81589,0.25764,1.81834,3.26516,0.00101,0.00101,0.00101
77,260.028,0.53165,0.50076,0.2499,0.32421,0.92619,0.63062,0.63158,0.40105,0.15012,0.8671,0.86842,0.75447,0.43,2.37334,3.9529,0.24798,1.88573,3.18491,0.0009968,0.0009968,0.0009968
78,263.046,0.53355,0.46075,0.28195,0.32905,0.91378,0.6569,0.65789,0.44216,0.14172,0.84083,0.84211,0.74964,0.42913,2.47536,3.92564,0.25069,1.86123,3.39756,0.0009836,0.0009836,0.0009836
79,266.068,0.48563,0.50142,0.2736,0.31356,0.9195,0.65689,0.65789,0.47477,0.15733,0.84082,0.84211,0.73124,0.44855,2.40591,4.01278,0.29276,1.81817,3.25879,0.0009704,0.0009704,0.0009704
80,269.159,0.47759,0.4844,0.2485,0.31379,0.88737,0.65688,0.65789,0.45877,0.16641,0.84081,0.84211,0.7591,0.44686,2.34056,3.91271,0.23746,1.73889,3.21921,0.0009572,0.0009572,0.0009572
81,272.296,0.48183,0.38911,0.23654,0.30515,0.9164,0.63062,0.63158,0.42006,0.15902,0.86713,0.86842,0.78015,0.44502,2.36669,3.90106,0.23918,1.8304,3.22016,0.000944,0.000944,0.000944
82,275.241,0.49739,0.44722,0.21858,0.31335,0.90632,0.63063,0.63158,0.40944,0.16323,0.8934,0.89474,0.80079,0.45034,2.48058,3.68599,0.23146,1.83844,3.27273,0.0009308,0.0009308,0.0009308
83,278.234,0.46067,0.43902,0.23993,0.30122,0.89048,0.60437,0.60526,0.36618,0.14675,0.89344,0.89474,0.80079,0.42928,2.40861,3.62423,0.23072,1.92572,3.28431,0.0009176,0.0009176,0.0009176
84,281.25,0.46019,0.37754,0.23264,0.29391,0.90504,0.60437,0.60526,0.36618,0.14553,0.86714,0.86842,0.75118,0.42693,2.4442,3.70356,0.23104,2.04996,3.32301,0.0009044,0.0009044,0.0009044
85,284.29,0.47731,0.421,0.24658,0.30474,0.90864,0.65691,0.65789,0.4616,0.15425,0.84085,0.84211,0.72695,0.42921,2.46491,3.62673,0.21639,1.76265,3.51541,0.0008912,0.0008912,0.0008912
86,287.29,0.50084,0.47002,0.24876,0.31579,0.90003,0.63058,0.63158,0.40463,0.14531,0.8408,0.84211,0.72898,0.41754,2.32489,3.82999,0.23448,1.73088,3.32817,0.000878,0.000878,0.000878
87,290.318,0.47673,0.50246,0.23544,0.31728,0.90498,0.60429,0.60526,0.36618,0.13999,0.86702,0.86842,0.75842,0.43298,2.36553,3.51693,0.21893,1.71339,3.28009,0.0008648,0.0008648,0.0008648
88,293.259,0.45778,0.4549,0.24613,0.30302,0.90179,0.65691,0.65789,0.45429,0.15558,0.84084,0.84211,0.73327,0.43001,2.3953,3.52492,0.23439,1.7598,3.39586,0.0008516,0.0008516,0.0008516
89,296.17,0.46541,0.42303,0.23318,0.29568,0.88406,0.63066,0.63158,0.41097,0.1484,0.86715,0.86842,0.77156,0.43107,2.3513,3.38092,0.22042,1.79069,3.45101,0.0008384,0.0008384,0.0008384
90,299.138,0.49067,0.49877,0.24673,0.30907,0.90103,0.63061,0.63158,0.44854,0.17941,0.84084,0.84211,0.78271,0.47798,2.37785,3.3882,0.23804,1.59346,3.45789,0.0008252,0.0008252,0.0008252
91,302.192,0.45205,0.38572,0.22462,0.30045,0.89462,0.65683,0.65789,0.49184,0.17502,0.89332,0.89474,0.8566,0.47316,2.3099,3.21628,0.24305,1.48675,3.28948,0.000812,0.000812,0.000812
92,305.252,0.46473,0.4917,0.24482,0.30704,0.90044,0.65689,0.65789,0.49217,0.19829,0.84085,0.84211,0.76707,0.49696,2.43769,3.24777,0.23098,1.50899,3.55597,0.0007988,0.0007988,0.0007988
93,308.254,0.46283,0.39218,0.20637,0.30167,0.89554,0.65693,0.65789,0.54041,0.21069,0.84087,0.84211,0.77582,0.51342,2.30596,3.25564,0.22823,1.54125,3.38116,0.0007856,0.0007856,0.0007856
94,311.229,0.44683,0.36319,0.21013,0.28567,0.9011,0.65698,0.65789,0.53328,0.21468,0.86721,0.86842,0.79898,0.50298,2.36642,3.19116,0.23413,1.46807,3.44855,0.0007724,0.0007724,0.0007724
95,314.274,0.45323,0.47433,0.2157,0.29695,0.89413,0.65692,0.65789,0.48951,0.19433,0.81461,0.81579,0.69565,0.47143,2.33719,3.26557,0.23036,1.43041,3.40229,0.0007592,0.0007592,0.0007592
96,317.378,0.44177,0.40849,0.2128,0.28299,0.89594,0.68321,0.68421,0.54015,0.19138,0.84088,0.84211,0.76366,0.4908,2.28781,3.08839,0.21647,1.46334,3.38048,0.000746,0.000746,0.000746
97,320.507,0.43379,0.35352,0.21807,0.2811,0.90123,0.65697,0.65789,0.54203,0.2103,0.86716,0.86842,0.81001,0.50424,2.31891,3.00701,0.20295,1.51215,3.41612,0.0007328,0.0007328,0.0007328
98,323.525,0.45297,0.42596,0.23579,0.30853,0.89757,0.63064,0.63158,0.42893,0.18168,0.8934,0.89474,0.82636,0.46828,2.34054,3.03829,0.20911,1.53124,3.43646,0.0007196,0.0007196,0.0007196
99,326.449,0.43013,0.3501,0.21527,0.29602,0.8833,0.68319,0.68421,0.54456,0.20546,0.89343,0.89474,0.84897,0.50163,2.37833,3.25264,0.21401,1.52482,3.47994,0.0007064,0.0007064,0.0007064
100,329.597,0.45057,0.37844,0.21776,0.28957,0.90129,0.68318,0.68421,0.54183,0.20078,0.86714,0.86842,0.81122,0.50099,2.3936,3.32447,0.23775,1.50582,3.54195,0.0006932,0.0006932,0.0006932
101,332.723,0.44857,0.37642,0.23129,0.29586,0.88122,0.63061,0.63158,0.49406,0.20356,0.84081,0.84211,0.77828,0.48555,2.34132,3.32287,0.23414,1.48647,3.53122,0.00068,0.00068,0.00068
102,335.762,0.45836,0.39796,0.2178,0.28814,0.90899,0.65701,0.65789,0.47106,0.17877,0.84105,0.84211,0.7598,0.45326,2.4147,3.41232,0.24456,1.66571,3.50392,0.0006668,0.0006668,0.0006668
103,338.764,0.40609,0.33984,0.21089,0.27464,0.89247,0.63082,0.63158,0.47623,0.20739,0.84116,0.84211,0.79854,0.49574,2.39045,3.33354,0.25087,1.60386,3.64543,0.0006536,0.0006536,0.0006536
104,341.742,0.41059,0.35685,0.21953,0.27389,0.88833,0.65694,0.65789,0.51343,0.21768,0.84088,0.84211,0.81845,0.5201,2.31542,3.55186,0.25201,1.66538,3.57617,0.0006404,0.0006404,0.0006404
105,344.768,0.41531,0.37597,0.19872,0.27071,0.87164,0.63067,0.63158,0.48508,0.20994,0.84089,0.84211,0.78853,0.49597,2.36843,3.28347,0.23767,1.5363,3.62298,0.0006272,0.0006272,0.0006272
106,347.725,0.44692,0.34478,0.22389,0.28993,0.9015,0.63065,0.63158,0.42816,0.1566,0.8409,0.84211,0.74387,0.43085,2.39818,3.55198,0.24501,1.6902,3.5931,0.000614,0.000614,0.000614
107,350.866,0.41965,0.32125,0.22898,0.27977,0.8923,0.65693,0.65789,0.44629,0.15132,0.84089,0.84211,0.72816,0.41934,2.34119,3.28254,0.22726,1.5177,3.55289,0.0006008,0.0006008,0.0006008
108,353.941,0.38613,0.30939,0.20754,0.27448,0.86897,0.68421,0.68421,0.48303,0.16717,0.86842,0.86842,0.77459,0.4491,2.45117,3.49202,0.22255,1.83062,3.64259,0.0005876,0.0005876,0.0005876
109,356.983,0.38915,0.3733,0.2217,0.2708,0.8859,0.65694,0.65789,0.4856,0.18997,0.86716,0.86842,0.78165,0.46671,2.36866,3.47467,0.25038,1.67433,3.58438,0.0005744,0.0005744,0.0005744
110,360.013,0.37818,0.359,0.21877,0.26541,0.8813,0.63068,0.63158,0.45972,0.20216,0.84091,0.84211,0.76923,0.47721,2.37395,3.4974,0.25274,1.7956,3.59147,0.0005612,0.0005612,0.0005612
111,363.015,0.38587,0.3619,0.23386,0.26269,0.87518,0.65694,0.65789,0.44604,0.16733,0.84089,0.84211,0.75877,0.4611,2.39882,3.5493,0.23711,1.7059,3.60612,0.000548,0.000548,0.000548
112,366.105,0.43985,0.35868,0.22931,0.28263,0.89558,0.65695,0.65789,0.44876,0.16647,0.8409,0.84211,0.76265,0.44357,2.33839,3.43529,0.24466,1.62107,3.64308,0.0005348,0.0005348,0.0005348
113,369.063,0.41005,0.35684,0.19179,0.27432,0.88544,0.65694,0.65789,0.44859,0.15286,0.84089,0.84211,0.74165,0.43135,2.31502,3.34508,0.23225,1.55492,3.71596,0.0005216,0.0005216,0.0005216
114,372.163,0.38983,0.27724,0.20272,0.26197,0.89185,0.65789,0.65789,0.45486,0.16993,0.84211,0.84211,0.745,0.45294,2.30124,3.1882,0.22095,1.59187,3.65321,0.0005084,0.0005084,0.0005084
115,375.442,0.41252,0.28964,0.22482,0.27272,0.88811,0.63158,0.63158,0.42333,0.17645,0.86842,0.86842,0.77158,0.4488,2.31556,3.09172,0.22363,1.52746,3.67706,0.0004952,0.0004952,0.0004952
116,378.644,0.36774,0.31218,0.20734,0.26219,0.87418,0.65789,0.65789,0.45293,0.18855,0.84211,0.84211,0.73897,0.45133,2.27236,3.31555,0.22223,1.57146,3.55469,0.000482,0.000482,0.000482
117,381.781,0.38885,0.31158,0.21539,0.25939,0.87422,0.65789,0.65789,0.50615,0.21104,0.84211,0.84211,0.76283,0.47024,2.34389,3.13411,0.20932,1.40873,3.71605,0.0004688,0.0004688,0.0004688
118,384.862,0.38767,0.2995,0.20993,0.25939,0.88177,0.63066,0.63158,0.43863,0.18091,0.84088,0.84211,0.7564,0.45723,2.29203,3.2915,0.2215,1.45832,3.63674,0.0004556,0.0004556,0.0004556
119,387.847,0.4032,0.31222,0.21114,0.27722,0.88019,0.68323,0.68421,0.50177,0.18173,0.8409,0.84211,0.7691,0.45682,2.32281,3.24989,0.21749,1.63348,3.62716,0.0004424,0.0004424,0.0004424
120,391.117,0.3885,0.27551,0.21474,0.26602,0.89549,0.65703,0.65789,0.45371,0.1822,0.84102,0.84211,0.75116,0.46296,2.28153,3.16581,0.21,1.42149,3.64534,0.0004292,0.0004292,0.0004292
121,394.325,0.39852,0.33673,0.20384,0.26428,0.87636,0.68321,0.68421,0.50684,0.1823,0.84087,0.84211,0.73899,0.45495,2.43818,3.1687,0.21552,1.44379,3.78104,0.000416,0.000416,0.000416
122,397.458,0.38235,0.32365,0.21813,0.26623,0.87748,0.68322,0.68421,0.4932,0.17569,0.84088,0.84211,0.73821,0.45248,2.3685,3.21234,0.21662,1.55593,3.65367,0.0004028,0.0004028,0.0004028
123,400.754,0.3752,0.30076,0.20328,0.25463,0.88113,0.65698,0.65789,0.47901,0.18719,0.84093,0.84211,0.73938,0.45337,2.33042,3.32716,0.21685,1.66096,3.53044,0.0003896,0.0003896,0.0003896
124,404.039,0.36606,0.27018,0.20508,0.25634,0.86279,0.68335,0.68421,0.50932,0.19088,0.86718,0.86842,0.76506,0.45565,2.266,3.31242,0.20649,1.65171,3.4901,0.0003764,0.0003764,0.0003764
125,407.16,0.37682,0.27165,0.19176,0.2517,0.87327,0.68323,0.68421,0.51195,0.19611,0.86718,0.86842,0.7674,0.47041,2.29704,3.4378,0.20861,1.64772,3.50918,0.0003632,0.0003632,0.0003632
126,410.401,0.35002,0.25798,0.18373,0.24251,0.86822,0.65693,0.65789,0.47047,0.18802,0.86718,0.86842,0.76215,0.46638,2.27957,3.40581,0.20821,1.58948,3.48328,0.00035,0.00035,0.00035
127,413.534,0.39725,0.26625,0.21093,0.25861,0.87653,0.68322,0.68421,0.51692,0.19327,0.84089,0.84211,0.74263,0.46195,2.34024,3.38314,0.20835,1.55902,3.5979,0.0003368,0.0003368,0.0003368
128,416.663,0.37538,0.32849,0.1935,0.25361,0.86926,0.65694,0.65789,0.47722,0.19073,0.86717,0.86842,0.77005,0.47843,2.28156,3.48053,0.22684,1.58646,3.5291,0.0003236,0.0003236,0.0003236
129,419.799,0.3473,0.24538,0.19861,0.24404,0.88054,0.657,0.65789,0.47632,0.19571,0.84089,0.84211,0.73609,0.46909,2.32398,3.40784,0.21943,1.61495,3.58139,0.0003104,0.0003104,0.0003104
130,422.926,0.34622,0.35178,0.19979,0.25177,0.85867,0.65789,0.65789,0.46454,0.1648,0.86842,0.86842,0.75118,0.46633,2.30963,3.24572,0.20495,1.68938,3.53815,0.0002972,0.0002972,0.0002972
131,426.076,0.34951,0.28139,0.19364,0.24089,0.86792,0.65789,0.65789,0.45068,0.16277,0.86842,0.86842,0.75447,0.45547,2.34989,3.17239,0.20797,1.65717,3.65412,0.000284,0.000284,0.000284
132,429.377,0.34747,0.28095,0.19664,0.24088,0.87778,0.65789,0.65789,0.46053,0.16386,0.86842,0.86842,0.7601,0.46021,2.32092,3.26041,0.20291,1.63133,3.63453,0.0002708,0.0002708,0.0002708
133,432.479,0.35385,0.28118,0.19956,0.25165,0.86947,0.65789,0.65789,0.45657,0.169,0.86842,0.86842,0.76212,0.45783,2.31276,3.41204,0.21038,1.72577,3.58765,0.0002576,0.0002576,0.0002576
134,435.516,0.35455,0.29029,0.21162,0.25429,0.87751,0.68322,0.68421,0.49663,0.17899,0.86719,0.86842,0.76528,0.45865,2.31415,3.18764,0.2138,1.69978,3.54294,0.0002444,0.0002444,0.0002444
135,438.614,0.33431,0.32984,0.19046,0.2357,0.86448,0.65695,0.65789,0.46837,0.18078,0.86718,0.86842,0.76578,0.47169,2.26511,3.44459,0.21062,1.7171,3.51438,0.0002312,0.0002312,0.0002312
136,441.766,0.35125,0.31679,0.20352,0.24224,0.86909,0.65696,0.65789,0.48888,0.1898,0.86718,0.86842,0.75896,0.47545,2.30714,3.38244,0.21192,1.75936,3.55977,0.000218,0.000218,0.000218
137,444.816,0.33948,0.27567,0.19748,0.23893,0.85912,0.65696,0.65789,0.47341,0.19056,0.86719,0.86842,0.77687,0.47806,2.31584,3.17887,0.21097,1.70801,3.5455,0.0002048,0.0002048,0.0002048
138,447.938,0.35151,0.26258,0.18693,0.24782,0.87978,0.65789,0.65789,0.49059,0.20667,0.86842,0.86842,0.7924,0.48102,2.31084,3.50996,0.21553,1.70875,3.50526,0.0001916,0.0001916,0.0001916
139,451.13,0.34223,0.25397,0.19334,0.24007,0.86046,0.65789,0.65789,0.46933,0.19699,0.86842,0.86842,0.79886,0.47581,2.26954,3.51866,0.21786,1.63746,3.47741,0.0001784,0.0001784,0.0001784
140,454.243,0.33717,0.25136,0.19059,0.23879,0.86692,0.65789,0.65789,0.47378,0.19258,0.86842,0.86842,0.79061,0.4758,2.22762,3.53126,0.22292,1.62606,3.44277,0.0001652,0.0001652,0.0001652
141,470.002,0.31551,0.17432,0.20564,0.23935,0.79253,0.65699,0.65789,0.47848,0.19652,0.89346,0.89474,0.8295,0.48798,2.27345,3.55363,0.21916,1.71412,3.49769,0.000152,0.000152,0.000152
142,472.903,0.31069,0.1534,0.22608,0.24233,0.79213,0.65693,0.65789,0.46575,0.18828,0.86717,0.86842,0.78908,0.46318,2.27958,3.61051,0.21852,1.7132,3.51526,0.0001388,0.0001388,0.0001388
143,475.826,0.29921,0.16222,0.19355,0.23685,0.78049,0.65692,0.65789,0.4706,0.19112,0.86714,0.86842,0.78554,0.46225,2.30215,3.62111,0.22133,1.75351,3.53768,0.0001256,0.0001256,0.0001256
144,478.723,0.29233,0.15236,0.19147,0.23306,0.79821,0.65694,0.65789,0.47371,0.18985,0.84088,0.84211,0.74193,0.46409,2.32528,3.53825,0.2226,1.75065,3.59385,0.0001124,0.0001124,0.0001124
145,481.932,0.28128,0.14622,0.18763,0.2253,0.77404,0.65697,0.65789,0.48195,0.19478,0.84088,0.84211,0.75049,0.46426,2.3483,3.45943,0.2157,1.80905,3.58616,9.92e-05,9.92e-05,9.92e-05
146,485.195,0.27907,0.14384,0.19574,0.22063,0.77766,0.65724,0.65789,0.50739,0.204,0.8409,0.84211,0.76314,0.48573,2.32246,3.48126,0.21244,1.80213,3.56463,8.6e-05,8.6e-05,8.6e-05
147,488.426,0.27049,0.14986,0.16769,0.22236,0.77331,0.63097,0.63158,0.47629,0.19384,0.8409,0.84211,0.76669,0.48656,2.34357,3.46615,0.2071,1.76828,3.62512,7.28e-05,7.28e-05,7.28e-05
148,491.605,0.27965,0.13934,0.18893,0.22062,0.77752,0.65729,0.65789,0.52159,0.19887,0.84089,0.84211,0.76124,0.48579,2.34578,3.48391,0.20587,1.77398,3.639,5.96e-05,5.96e-05,5.96e-05
149,494.952,0.26084,0.13943,0.16648,0.20884,0.78404,0.631,0.63158,0.46408,0.1914,0.84089,0.84211,0.75849,0.47995,2.31461,3.45527,0.20591,1.81387,3.57345,4.64e-05,4.64e-05,4.64e-05
150,498.014,0.26723,0.12602,0.17131,0.21015,0.78372,0.63097,0.63158,0.45594,0.19133,0.8409,0.84211,0.75849,0.4783,2.31076,3.47093,0.20707,1.82014,3.56996,3.32e-05,3.32e-05,3.32e-05
